"date","title","status","total_price","price","shipping"
"['Jan-09 10:33']","Sony Noise Cancelling Headphones WH1000XM2: Over Ear Wireless Bluetooth Headphon","Pre-Owned","158.34","149.99","8.35"
"[]","Sony WH1000XM2: Over Ear Wireless Bluetooth Noise Cancelling Headphones - Gold","Brand New","269.95","269.95","0.0"
"['Jan-08 22:35']","*BRAND NEW SEALED* Sony WH-1000XM2 Noise Cancelling Headphones Gold Free Ship","Brand New","275.0","275.0","0.0"
"[]","Sony WH1000XM2: Wireless Bluetooth Noise Cancelling Headphones with Case - Blk","Brand New","269.95","269.95","0.0"
"['Jan-08 20:22']","NEW SEALED Sony WH-1000XM2 Noise Cancelling Bluetooth Headphones- BLACK PRIORITY","Brand New","289.99","289.99","0.0"
"[]","IN STOCK BRAND NEW Sony WH1000XM2N Wireless Noise Cancelling Headphones - Gold","Brand New","278.95","278.95","0.0"
"[]","Sony - WH-1000XM2 Wireless Over-the-Ear Noise Canceling Headphones - Gold","Brand New","299.95","299.95","0.0"
"[]","*BRAND NEW SEALED* Sony WH-1000XM2 Noise Cancelling Headphones - Black","Brand New","285.49","285.49","0.0"
"[]","Sony WH-1000X M2 Noise Cancelling Bluetooth Headphones - BNIB","Brand New","272.51","272.51","0.0"
"['Jan-08 09:31']","NEW SEALED Sony WH-1000XM2 Noise Cancelling Bluetooth Headphones- BLACK PRIORITY","Brand New","289.99","289.99","0.0"
"[]","Sony WH-1000XM2 Wireless Noise Cancelling - High-Res Audio - Bluetooth - NEW!","Brand New","305.0","305.0","0.0"
"['Jan-08 08:44']","Sony WH1000XM2 Premium Noise Cancelling Wireless Headphones Black WH1000XM2/B","Brand New","299.99","299.99","0.0"
"[]","BRAND NEW SEALED Sony WH-1000XM2 Noise Cancelling Headphones - Gold Free Ship","Brand New","269.33","269.33","0.0"
"[]","Sony - WH-1000XM2 Wireless Over-the-Ear Noise Canceling Headphones Japan-Gold","Brand New","279.99","279.99","0.0"
"[]","Sony - WH-1000XM2 Wireless Over-the-Ear Noise Canceling Headphones - Gold","Brand New","298.99","298.99","0.0"
"['Jan-07 17:38']","SONY WH-1000XM2BM WIRELESS HEADSET JAPAN NEWEST TECH.. NEW & SEALED - FAST SHIP!","Brand New","289.99","289.99","0.0"
"[]","Sony - WH-1000XM2 Wireless Over-the-Ear Noise Canceling Headphones Japan-Gold","Brand New","279.99","279.99","0.0"
"['Jan-07 16:41']","SONY WH-1000XM2BM WIRELESS HEADSET JAPAN NEWEST TECH.. NEW & SEALED - FAST SHIP!","Brand New","289.99","289.99","0.0"
"['Jan-07 16:30']","Sony Noise Cancelling Headphones WH1000XM2:Over Ear Wireless Bluetooth Headphone","Pre-Owned","255.55","245.5","10.05"
"[]","Sony WH-1000XM2 Headphones - Black","Pre-Owned","284.99","275.0","9.99"
"[]","Sony WH-1000XM2 Noise Cancelling Bluetooth Headphones - Gold","Brand New","274.49","274.49","0.0"
"[]","Sony WH-1000XM2 Noise Cancelling Bluetooth Headphones - Gold","Brand New","275.0","275.0","0.0"
"['Jan-07 14:00']","Sony WH-1000XM2BM Wireless Noise Canceling Headset (12178-14AJJ)","Brand New","295.0","295.0","0.0"
"[]","Sony - 1000X mkII Premium Wireless Noise Cancelling Headphones - Gold BRAND NEW","Brand New","274.95","274.95","0.0"
"['Jan-07 10:06']","~~NEW~~Sony WH-1000XM2 Noise Cancelling Bluetooth Headphones - FREE SHIPPING!!","Brand New","299.99","299.99","0.0"
"[]","IN STOCK BRAND NEW Sony WH1000XM2N Wireless Noise Cancelling Headphones - BLACK","Brand New","297.95","297.95","0.0"
"[]","NEW 2nd Generation Sony WH-1000XM2 Headphones-Gol d ~FREE SHIPPING~","Brand New","285.99","285.99","0.0"
"['Jan-07 04:17']","Sony WH-1000Xm2 Wireless Noise Cancelling Headphones NIB","Brand New","219.7","200.0","19.7"
"['Jan-07 04:03']","Sony WH-1000XM2 Noise Cancelling Bluetooth Headphones - BNIB","Brand New","314.99","309.99","5.0"
"['Jan-07 01:37']","~~NEW~~Sony WH-1000XM2 Noise Cancelling Bluetooth Headphones - FREE SHIPPING!!","Brand New","280.0","280.0","0.0"
"[]","Sony - WH-1000XM2 Wireless Over-the-Ear Noise Canceling Headphones - Gold","Brand New","277.75","265.0","12.75"
"['Jan-06 21:26']","Sony Wh-1000XM2 wireless Noise Canceling Headphones Bluetooth BRAND NEW SEALED","GOLD Headphones BRAND NEW SEALED Brand New","274.6","261.0","13.6"
"['Jan-06 21:25']","Sony Wh-1000XM2 wireless Noise Canceling Headphones Bluetooth BRAND NEW SEALED","GOLD Headphones BRAND NEW SEALED Brand New","298.6","285.0","13.6"
"['Jan-06 21:22']","Sony Wh-1000XM2 wireless Noise Canceling Headphones Bluetooth BRAND NEW SEALED","GOLD Headphones BRAND NEW SEALED Brand New","273.6","260.0","13.6"
"['Jan-06 20:35']","Sony WH-1000XM2 Noise Cancelling Bluetooth Headphones - BNIB- Black","Brand New","275.0","275.0","0.0"
"['Jan-06 17:51']","Sony WH-1000XM2 Noise Cancelling Headphones Gold Drand New","Brand New","246.41","246.41","0.0"
"['Jan-06 17:30']","Sony WH-1000XM2 Wireless Noise Cancelling Headphones Black","Pre-Owned","227.5","212.5","15.0"
"[]","SEALED NEW 2nd Gen Sony WH-1000XM2 WH1000XM2NM Headphones CHAMPAGNE GOLD","Brand New","278.88","278.88","0.0"
"['Jan-06 16:23']","NEW 2nd Generation Sony WH-1000XM2 WH1000XM2 Headphones-Bla ck","Brand New","270.05","260.0","10.05"
"['Jan-06 16:09']","SONY MDR-1000X BLUETOOTH WIRELESS OVER-EAR NOISE CANCELLING HEADPHONES (BLACK)","Brand New","289.95","289.95","0.0"
"[]","SONY WH-1000XM2 Noise Cancelling Headphones -black","New (Other)","260.5","247.5","13.0"
"[]","2017 NEW 2nd Generation Sony WH-1000XM2 WH1000XM2 Headphones-Gol d Free Shipping","Brand New","279.97","279.97","0.0"
"[]","Sony WH-1000XM2 Wireless noise canceling headphone High Resolution Bluetooth","Brand New","288.95","288.95","0.0"
"['Jan-05 22:52']","Sony WH1000XM2B Black On-Ear Wireless Noise-Cancelin g Headphones - WH-1000XM2/B","Brand New","289.75","280.0","9.75"
"[]","Sony WH1000XM2: Over Ear Wireless Bluetooth Noise Cancelling Headphones - Gold","Brand New","249.95","249.95","0.0"
"[]","Sony WH1000XM2: Wireless Bluetooth Noise Cancelling Headphones with Case - Blk","Brand New","249.95","249.95","0.0"
"[]","Sony WH-1000X M2 Noise Cancelling Bluetooth Headphones - Black NEW","Brand New","279.75","270.0","9.75"
"[]","Sony WH-1000XM2 Wireless Bluetooth Noise Cancelling Hi-Fi Headphones","Manufacturer Refurbished | Warranty | 30 Day Returns Refurbished","279.99","279.99","0.0"
"[]","2017 NEW 2nd Generation Sony WH-1000XM2 WH1000XM2 Headphones-Gol d Free Shipping","Brand New","279.99","279.99","0.0"
"[]","Sony WH-1000XM2 Noise Cancelling Headphones - Gold Brand New In Box","Brand New","289.88","289.88","0.0"
"['Jan-05 18:18']","~~NEW~~Sony WH-1000XM2 Noise Cancelling Bluetooth Headphones - FREE SHIPPING!!","Brand New","280.0","280.0","0.0"
"[]","Sony WH-1000XM2 Noise Cancelling Bluetooth Headphones - Gold","Brand New","275.0","275.0","0.0"
"[]","Brand New SONY WH-1000XM2 Headphone - Gold","Brand New","288.0","288.0","0.0"
"['Jan-05 07:46']","~~NEW~~Sony WH-1000XM2 Noise Cancelling Bluetooth Headphones - FREE SHIPPING!!","Brand New","289.99","289.99","0.0"
"['Jan-04 21:01']","Sony WH-1000XM2 Noise Cancelling Bluetooth Headphones - BNIB- Black","Brand New","275.0","275.0","0.0"
"[]","*BRAND NEW SEALED* Sony WH-1000XM2 Noise Cancelling Headphones - Black","Brand New","285.49","285.49","0.0"
"[]","Sony - WH-1000XM2 Wireless Over-the-Ear Noise Canceling Headphones Japan-Gold","Brand New","289.99","289.99","0.0"
"['Jan-04 14:18']","Sony WH1000XM2B Black On-Ear Wireless Noise-Cancelin g Headphones - WH-1000XM2/B","Brand New","289.75","280.0","9.75"
"['Jan-04 12:33']","Sony Noise Cancelling Headphones WH1000XM2: Over Ear Wireless Bluetooth Headphon","Pre-Owned","200.0","200.0","0.0"
"[]","*BRAND NEW SEALED* Sony WH-1000XM2 Noise Cancelling Headphones - SilverFree Ship","Brand New","289.95","289.95","0.0"
"['Jan-04 04:15']","*BRAND NEW SEALED* Sony WH-1000XM2 Noise Cancelling Headphones - Black or Gold","Brand New","278.6","265.0","13.6"
"[]","NEW SEALED Sony WH-1000XM2 Noise Cancelling Bluetooth Headphones - Gold PRIORITY","Brand New","289.99","289.99","0.0"
"[]","SONY WH-1000XM2 BLUETOOTH WIRELESS OVER-EAR NOISE CANCELLING HEADPHONES (BLACK)","New (Other)","249.98","249.98","0.0"
"[]","Sony WH-1000XM2 Noise Cancelling Headphones Gold Drand New","Brand New","288.0","288.0","0.0"
"[]","Sony WH-1000X M2 Noise Cancelling Bluetooth Headphones - BNIB","Brand New","313.0","295.0","18.0"
"[]","*BRAND NEW SEALED* Sony WH-1000XM2 Noise Cancelling Headphones - SilverFree Ship","Brand New","289.95","289.95","0.0"
"[]","SONY WH-1000XM2 BLUETOOTH WIRELESS OVER-EAR NOISE CANCELLING HEADPHONES (BLACK)","Pre-Owned","219.98","219.98","0.0"
"['Jan-03 11:06']","Sony WH1000XM2 Premium Noise Cancelling Wireless Headphones Black WH1000XM2/B","Brand New","299.99","299.99","0.0"
"[]","SONY WH-1000XM2 Noise Cancelling Headphones - Gold/Silver (Brand New)","Brand New","285.0","285.0","0.0"
"[]","Sony WH-1000XM2 Noise Cancelling Bluetooth Headphones - Champagne Gold **NEW***","Brand New","275.0","275.0","0.0"
"[]","SONY WH-1000XM2 Noise Cancelling Headphones - BLACK","Brand New","279.99","279.99","0.0"
"[]","SONY WH-1000XM2 Noise Cancelling Headphones - GOLD","Brand New","279.99","279.99","0.0"
"[]","Sony - 1000X mkII Premium Wireless Noise Cancelling Headphones - Gold BRAND NEW","Brand New","278.0","278.0","0.0"
"[]","Sony WH1000XM2 Premium Noise Cancelling Wireless Headphones Gold (WH1000XM2/N)","Brand New","279.95","279.95","0.0"
"[]","*BRAND NEW SEALED* Sony WH-1000XM2 Noise Cancelling Headphones - Black Free Ship","Brand New","299.95","299.95","0.0"
"[]","Sony WH-1000XM2 Noise Cancelling Bluetooth Headphones - Champagne Gold **NEW***","Brand New","275.0","275.0","0.0"
"[]","*BRAND NEW SEALED* Sony WH-1000XM2 Noise Cancelling Headphones - Black","Brand New","263.6","250.0","13.6"
"['Jan-02 06:17']","Sony WH-1000XM2 Noise Cancelling Bluetooth Headphones - BNIB","Brand New","292.99","287.99","5.0"
"[]","SONY WH-1000XM2 Noise Cancelling Headphones - Gold/Silver (Brand New)","Brand New","285.0","285.0","0.0"
"[]","New Sealed Sony WH-1000XM2 BM Wireless Noise Cancelling Stereo Headset‚Äì Black","Brand New","297.04","285.0","12.04"
"[]","Sony WH-1000X M2 Noise Cancelling Bluetooth Headphones - BNIB","Brand New","298.0","280.0","18.0"
"[]","Sony WH-1000XM2 Noise Cancelling Headphones BLACK NEW OTHER (H-42)","New (Other)","283.1","283.1","0.0"
"[]","Sony WH-1000XM2 Wireless Noise-Cancelin g Headphones (Black)","Brand New","275.0","275.0","0.0"
"['Jan-01 09:27']","Sony WH-1000XM2 Noise Cancelling Bluetooth Headphones - Champagne Gold **NEW***","Brand New","279.99","279.99","0.0"
"[]","Sony WH1000XM2 Premium Noise Cancelling Wireless Headphones Gold (WH1000XM2/N)","Brand New","295.0","295.0","0.0"
"['Jan-01 07:49']","***Brand New***Sony Wireless Noise Canceling Headphones WH-1000Xm2 Bluetooth","Brand New","261.7","250.0","11.7"
"[]","2017 NEW 2nd Generation Sony WH-1000XM2 WH1000XM2 Headphones-Rep laces MDR-1000X","Brand New","299.0","299.0","0.0"
"[]","SONY WH-1000XM2 Noise Cancelling Headphones - BLACK","Brand New","279.99","279.99","0.0"
"['Jan-01 01:00']","sony wh-1000xm2","Brand New","287.6","280.0","7.6"
"[]","Sony WH-1000Xm2 Noise Cancelling Wireless Headphones","Brand New","284.99","284.99","0.0"
"['Dec-31 19:41']","sony wh-1000xm2","Brand New","287.2","280.0","7.2"
"['Dec-31 14:08']","Sony WH-1000XM2 Noise Cancelling Headphones Gold Drand New","Brand New","240.52","240.52","0.0"
"['Dec-31 11:07']","SONY WIRELESS NOISE CANCELING STEREO HEADSET WH-1000XM2","Brand New","315.13","290.99","24.14"
"[]","*BRAND NEW SEALED* Sony WH-1000XM2 Noise Cancelling Headphones - SilverFree Ship","Brand New","289.95","289.95","0.0"
"[]","NEW 2nd Generation Sony WH-1000XM2 Headphones-Gol d ~FREE SHIPPING~","Brand New","279.99","279.99","0.0"
"[]","*BRAND NEW SEALED* Sony WH-1000XM2 Noise Cancelling Headphones - SilverFree Ship","Brand New","289.95","289.95","0.0"
"[]","Sony - 1000X mkII Premium Wireless Noise Cancelling Headphones - Gold BRAND NEW","Brand New","284.15","284.15","0.0"
"[]","NEW 2nd Generation Sony WH-1000XM2 WH1000XM2 Headphones-Bla ck","Brand New","299.99","299.99","0.0"
"['Dec-30 21:01']","sony wh-1000xm2","Brand New","297.6","290.0","7.6"
"['Dec-30 18:26']","Sealed Sony WH-1000XM2/B Wireless Bluetooth Noise Cancelling HiFi Headphones-BLK","Brand New","288.88","288.88","0.0"
"[]","SONY WH-1000XM2 Noise Cancelling Headphones - BLACK","Brand New","279.99","279.99","0.0"
"[]","NEW Sony WH-1000XM2 Wireless Noise Cancelling Headphones Gold Free Shipping!","Brand New","279.0","279.0","0.0"
"['Dec-30 12:41']","Sony WH-1000XM2 Noise Cancelling Headphones - Black","New (Other)","280.75","271.0","9.75"
"[]","SONY WH-1000XM2 Noise Cancelling Headphones - GOLD","Brand New","279.99","279.99","0.0"
"[]","NEW!! 2nd Generation Sony WH-1000XM2 WH1000XM2 Headphones-pri ority Ship -BLACK-","Brand New","283.0","269.5","13.5"
"[]","Sony - WH-1000XM2 Wireless Over-the-Ear Noise Canceling Headphones Japan-Gold","Brand New","299.99","299.99","0.0"
"['Dec-29 21:42']","*BRAND NEW SEALED* Sony WH-1000XM2 Noise Cancelling Headphones Gold Free Ship","Brand New","275.0","275.0","0.0"
"['Dec-29 20:32']","Sony WH-1000XM2 Noise Cancelling Headphones - Black","New (Other)","282.75","273.0","9.75"
"[]","Sony WH-1000XM2 Noise Cancelling Headphones Gold - New","New (Other)","291.0","281.0","10.0"
"[]","Sony - WH-1000XM2 Wireless Over-the-Ear Noise Canceling Headphones - Gold","Brand New","235.0","235.0","0.0"
"['Dec-29 17:51']","Sony Noise Cancelling Headphones WH1000XM2","Pre-Owned","262.75","250.0","12.75"
"['Dec-29 16:52']","Sony WH1000XM2B Black On-Ear Wireless Noise-Cancelin g Headphones - WH-1000XM2/B","Brand New","285.76","276.01","9.75"
"['Dec-29 13:53']","Sony WH-1000XM2 Black On-Ear Wireless Noise-Cancelin g Headphones -Factory Sealed","Brand New","309.95","309.95","0.0"
"['Dec-29 12:02']","SONY WIRELESS NOISE CANCELING STEREO HEADSET WH-1000XM2","Brand New","295.0","295.0","0.0"
"[]","Brand New SONY WH-1000XM2 Headphone - Black","Brand New","295.0","295.0","0.0"
"[]","IN STOCK BRAND NEW Sony WH1000XM2N Wireless Noise Cancelling Headphones - BLACK","Brand New","299.99","299.99","0.0"
"[]","NEW 2nd Generation Sony WH-1000XM2 WH1000XM2 Headphones-Bla ck","Brand New","299.99","299.99","0.0"
"[]","Sony WH-1000XM2 Noise Cancelling Headphones - Gold Brand New In Box","Brand New","282.34999999999997","269.95","12.4"
"[]","Sony - 1000X mkII Premium Wireless Noise Cancelling Headphones - Gold BRAND NEW","Brand New","284.15","284.15","0.0"
"['Dec-28 19:49']","NEW SEALED Sony WH-1000XM2 Black On-Ear Wireless Noise-Cancelin g Headphones","Brand New","309.0","309.0","0.0"
"['Dec-28 17:51']","Sony WH1000XM2B Black On-Ear Wireless Noise-Cancelin g Headphones - WH-1000XM2/B","Brand New","289.75","280.0","9.75"
"[]","Brand New SONY WH-1000XM2 Headphone - Black","Brand New","263.6","250.0","13.6"
"['Dec-28 16:02']","Sony WH-1000Xm2 Noise Canceling Headphones! New In Box! Bluetooth! Free Ship!","Brand New","269.99","269.99","0.0"
"[]","2017 NEW 2nd Generation Sony WH-1000XM2 WH1000XM2 Headphones-Rep laces MDR-1000X","Brand New","295.0","295.0","0.0"
"[]","Sony OVER EAR NOISE CANCELING WIRELESS Headphones WH-1000XM2 - GREY!","Brand New","262.85","249.0","13.85"
"[]","Sony WH-1000X M2 Noise Cancelling Bluetooth Headphones - BNIB","Brand New","289.0","271.0","18.0"
"[]","*NEW SEALED* Sony WH-1000XM2 Noise Cancelling Headphones - Black","Brand New","280.0","280.0","0.0"
"[]","Sony WH-1000XM2 Wireless noise canceling headphone High Resolution Bluetooth","Brand New","289.87","289.87","0.0"
"['Dec-27 20:30']","SONY WH-1000XM2BM WIRELESS HEADSET JAPAN NEWEST TECH.. NEW & SEALED - FAST SHIP!","Brand New","289.99","289.99","0.0"
"[]","2017 NEW 2nd Generation Sony WH-1000XM2 WH1000XM2 Headphones-Rep laces MDR-1000X","Brand New","280.0","280.0","0.0"
"['Dec-27 18:19']","SONY WH-1000XM2 Noise Cancelling Headphones - GOLD","Brand New","280.0","280.0","0.0"
"[]","SONY WH-1000XM2 NOISE CANCELLING HEADPHONES BLACK READY TO SHIP!!!","Brand New","270.0","260.0","10.0"
"['Dec-27 15:38']","Sony WH-1000XM2 Wireless noise canceling headphone Bluetooth Black- NEW","Brand New","314.86","278.62","36.24"
"[]","Sony WH-1000Xm2 Noise Cancelling Wireless Headphones","Brand New","284.99","284.99","0.0"
"['Dec-27 08:10']","*BRAND NEW SEALED* Sony WH-1000XM2 Noise Cancelling Headphones Gold Priority Sh","Brand New","274.5","274.5","0.0"
"[]","*NEW SEALED* Sony WH-1000XM2 Noise Cancelling Headphones - Black","Brand New","280.0","280.0","0.0"
"[]","Sony - 1000X mkII Premium Wireless Noise Cancelling Headphones - Gold BRAND NEW","Brand New","278.0","278.0","0.0"
"['Dec-26 22:21']","Sony WH-1000XM2 Noise Cancelling Bluetooth Headphones - black **NEW***","Brand New","279.99","279.99","0.0"
"['Dec-26 21:08']","sony wh-1000xm2","Brand New","287.6","280.0","7.6"
"[]","2017 NEW 2nd Generation Sony WH-1000XM2 WH1000XM2 Headphones-Rep laces MDR-1000X","Brand New","295.0","295.0","0.0"
"['Dec-26 19:14']","Sony WH-1000XM2 Premium Noise Cancelling Wireless Bluetooth Headphones ‚Äì Black","Brand New","289.95","289.95","0.0"
"[]","Sony WH-1000X M2 Noise Cancelling Bluetooth Headphones - BNIB","Brand New","298.0","280.0","18.0"
"['Dec-26 17:15']","SONY WH-1000XM2BM WIRELESS HEADSET JAPAN NEWEST TECH.. NEW & SEALED - FAST SHIP!","Brand New","289.99","289.99","0.0"
"[]","New SEALED SONY WH-1000XM2 Noise Cancelling Headphones - GOLD","Brand New","278.98","278.98","0.0"
"[]","Sony WH-1000XM2/B Wireless Noise-Cancelli ng Over-Ear Headphones with Mic and Rem","Brand New","287.99","287.99","0.0"
"['Dec-26 11:27']","~~NEW~~Sony WH-1000XM2 Noise Cancelling Bluetooth Headphones - FREE SHIPPING!!","Brand New","285.99","285.99","0.0"
"[]","NEW 2nd Generation Sony WH-1000XM2 WH1000XM2 Headphones-Bla ck","Brand New","288.99","288.99","0.0"
"['Dec-26 10:22']","Sony WH-1000XM2 Noise Cancelling Bluetooth Headphones - Champagne Gold **NEW***","Brand New","279.99","279.99","0.0"
"[]","2017 NEW 2nd Generation Sony WH-1000XM2 WH1000XM2 Headphones-Gol d Free Shipping","Brand New","279.0","279.0","0.0"
"[]","Sony WH-1000XM2/B Wireless Noise-Cancelli ng Over-Ear Headphones with Mic and Rem","Brand New","284.99","284.99","0.0"
"[]","*BRAND NEW SEALED* Sony WH-1000XM2 Noise Cancelling Headphones - SilverFree Ship","Brand New","289.95","289.95","0.0"
"[]","Sony 1000XM2 Wireless Noise-Cancelin g Headphones (Gold) Brand New","Brand New","279.9","279.9","0.0"
"[]","2017 NEW 2nd Generation Sony WH-1000XM2 WH1000XM2 Headphones-Rep laces MDR-1000X","Brand New","295.0","295.0","0.0"
"[]","SONY WH-1000XM2 Noise Cancelling Headphones - GOLD","Brand New","279.99","279.99","0.0"
"[]","Sony WH-1000XM2 Noise Cancelling Headphones - Gold Brand New In Box","Brand New","279.14","269.95","9.19"
"['Dec-25 12:52']","Sony Noise Cancelling Headphones WH1000XM2: Over Ear Wireless Bluetooth","New (Other)","279.99","279.99","0.0"
"['Dec-25 12:22']","Sony WH-1000XM2 Wireless Bluetooth Noise Cancelling HiFi Headphones","Refurbished","269.99","269.99","0.0"
"[]","Sony WH-1000XM2/B Wireless Noise-Cancelli ng Over-Ear Headphones with Mic and Rem","Brand New","284.99","284.99","0.0"
"['Dec-25 08:01']","BRAND NEW SEALED Sony WH-1000XM2 Noise Cancelling Headphones - BLACK","Brand New","280.0","280.0","0.0"
"['Dec-25 05:41']","Sony WH-1000XM2 Noise Cancelling Bluetooth Headphones - BNIB","Brand New","289.0","289.0","0.0"
"['Dec-24 17:27']","SONY WIRELESS NOISE CANCELING STEREO HEADSET WH-1000XM2","Brand New","300.0","300.0","0.0"
"[]","Sony - WH-1000XM2 Wireless Over-the-Ear Noise Canceling Headphones Japan-Gold","Brand New","299.99","299.99","0.0"
"['Dec-23 18:30']","*BRAND NEW SEALED* Sony WH-1000XM2 Noise Cancelling Headphones Gold Priority Sh","Brand New","274.5","274.5","0.0"
"['Dec-23 16:54']","SONY WH-1000XM2 Noise Cancelling Headphones - GOLD","Brand New","270.0","270.0","0.0"
"['Dec-23 16:06']","Sony WH1000XM2B Black On-Ear Wireless Noise-Cancelin g Headphones - WH-1000XM2/B","Brand New","286.75","277.0","9.75"
"[]","NEW!! 2nd Generation Sony WH-1000XM2 WH1000XM2 Headphones-pri ority Ship -BLACK-","Brand New","283.0","269.5","13.5"
"['Dec-23 14:46']","Sony Wh-1000XM2 wireless Noise Canceling Headphones Bluetooth BRAND NEW SEALED","GOLD Headphones BRAND NEW SEALED Brand New","270.0","270.0","0.0"
"['Dec-23 12:48']","Sony WH-1000XM2 Wireless Noise Canceling Headset Black Brand New In Box","Brand New","279.14","269.95","9.19"
"[]","*NEW SEALED* Sony WH-1000XM2 Noise Cancelling Headphones - Black","Brand New","270.0","270.0","0.0"
"['Dec-23 07:45']","BRAND NEW SEALED Sony WH-1000XM2 Noise Cancelling Headphones black","Brand New","263.6","250.0","13.6"
"[]","NEW - Sony WH-1000XM2 Wireless Bluetooth Noise Cancelling Headphones - Black","Brand New","275.95","265.0","10.95"
"[]","*NEW SEALED* Sony WH-1000XM2 Noise Cancelling Headphones - Black","Brand New","270.0","270.0","0.0"
"[]","Brand New, Factory Sealed SONY WH-1000XM2 Noise Cancelling Headphones - GOLD","Brand New","258.88","258.88","0.0"
"['Dec-22 13:11']","Sealed Sony WH-1000XM2/B Wireless Bluetooth Noise Cancelling HiFi Headphones-BLK","Brand New","258.88","258.88","0.0"
"[]","Sony WH-1000XM2 Noise Cancelling Headphones Gold BRAND NEW SEALED Free Ship","Brand New","279.0","279.0","0.0"
"[]","Sony WH-1000XM2 Noise Cancelling Headphones BLACK BRAND NEW SEALED Free Ship","Brand New","279.0","279.0","0.0"
"['Dec-21 19:19']","Sony - 1000X mkII Premium Wireless Noise Cancelling Headphones - Gold BRAND NEW","Brand New","294.15","294.15","0.0"
"['Dec-21 10:33']","SONY WIRELESS NOISE CANCELING STEREO HEADSET WH-1000XM2","Brand New","320.13","295.99","24.14"
"['Dec-21 09:42']","Sony WH-1000XM2/N Wireless Bluetooth Noise Cancelling Hi-Fi Headphones","Manufacturer Refurbished | Warranty | 30 Day Returns Refurbished","299.99","299.99","0.0"
"[]","Sony WH-1000XM2/B Wireless Bluetooth Noise Cancelling Hi-Fi Headphones","Manufacturer Refurbished | Warranty | 30 Day Returns Refurbished","299.99","299.99","0.0"
"['Dec-21 03:08']","NEW!! 2nd Generation Sony WH-1000XM2 WH1000XM2 Headphones-pri ority Ship -BLACK","Brand New","285.0","285.0","0.0"
"['Dec-21 00:17']","BRAND NEW SEALED Sony WH-1000XM2 Noise Cancelling Headphones Gold","Brand New","263.6","250.0","13.6"
"[]","Sony WH-1000XM2/B Wireless Noise-Cancelli ng Over-Ear Headphones with Mic and Rem","Brand New","279.99","279.99","0.0"
"['Dec-20 20:05']","Sony WH-1000XM2 Wireless Noise Canceling Headset Black Brand New In Box","Brand New","279.14","269.95","9.19"
"[]","Excellent Condition -Sony WH-1000XM2 Bluetooth Noise Cancelling Hi-Fi Headphones","Pre-Owned","199.99","199.99","0.0"
"['Dec-20 11:22']","BRAND NEW SEALED Sony WH-1000XM2 Noise Cancelling Headphones Gold","Brand New","263.6","250.0","13.6"
"[]","SONY WH-1000XM2 NOISE CANCELLING HEADPHONES BLACK READY TO SHIP!!!","Brand New","270.0","260.0","10.0"
"['Dec-20 08:22']","Sony WH-1000XM2 Noise Cancelling Bluetooth Headphones - Gold","Brand New","269.95","269.95","0.0"
"[]","Sony WH-1000xm2 Gold","New (Other)","265.0","250.0","15.0"
"['Dec-19 23:10']","Sony WH-1000Xm2 Wireless Noise Canceling Headphones Newest edition!-Black","Brand New","285.0","285.0","0.0"
"['Dec-19 22:51']","SONY WH-1000XM2 Noise Cancelling Headphones - Black","Brand New","279.99","279.99","0.0"
"[]","Sony - WH-1000XM2 Wireless Over-the-Ear Noise Canceling Headphones - Gold","Brand New","298.99","298.99","0.0"
"[]","NEW SEALED Sony WH-1000XM2 Noise Cancelling Bluetooth Headphones - Gold PRIORITY","Brand New","289.99","289.99","0.0"
"['Dec-19 08:19']","~~NEW~~Sony WH-1000XM2 Noise Cancelling Bluetooth Headphones - FREE SHIPPING!!","Brand New","299.99","299.99","0.0"
"[]","Sony WH-1000XM2 Wireless Headphones - Black","Brand New","270.0","270.0","0.0"
"['Dec-18 17:39']","Sony Noise Cancelling Headphones WH1000XM2: Over Ear Wireless Bluetooth","New (Other)","229.99","229.99","0.0"
"[]","SONY WH-1000xm2 Wireless Noise Cancelling Headphones Bluetooth *SEALED*","Brand New","299.99","299.99","0.0"
"['Dec-18 15:50']","Sony WH1000XM2B Black On-Ear Wireless Noise-Cancelin g Headphones - WH-1000XM2/B","Brand New","315.75","306.0","9.75"
"[]","Sony WH-1000XM2 Black Wireless Noise Headphones","Pre-Owned","263.99","256.0","7.99"
"[]","Sony WH-1000XM2 Noise Cancelling Bluetooth Headphones - Gold","Brand New","289.0","289.0","0.0"
"['Dec-17 11:29']","Sony WH-1000XM2 Wireless Noise Cancelling Headphones","Pre-Owned","190.0","190.0","0.0"
"['Dec-17 10:32']","Sony WH-1000XM2 Noise Cancelling Headphones Gold Drand New","Brand New","289.75","280.0","9.75"
"['Dec-17 08:51']","Sony WH-1000XM2 Noise Cancelling Bluetooth Headphones - BNIB","Brand New","289.0","289.0","0.0"
"[]","NEW!! 2nd Generation Sony WH-1000XM2 WH1000XM2 Headphones-pri ority Ship -BLACK-","Brand New","303.0","289.5","13.5"
"['Dec-16 14:07']","","‚úî AUTHORIZED DEALER ‚úî 1 YEAR WARRANTY ‚úî New (Other)","295.0","295.0","0.0"
"['Dec-16 09:12']","Sony WH-1000XM2 Headphones-Bla ck [USED PERFECT CONDITION]","Pre-Owned","284.99","284.99","0.0"
"[]","SONY WH-1000XM2 BLUETOOTH WIRELESS OVER-EAR NOISE CANCELLING HEADPHONES BLACK","New (Other)","279.98","279.98","0.0"
"[]","NEW!! 2nd Generation Sony WH-1000XM2 WH1000XM2 Headphones-pri ority Ship -BLACK-","Brand New","303.0","289.5","13.5"
"[]","NEW 2nd Generation Sony WH-1000XM2 Headphones-Gol d ~FREE SHIPPING~","Brand New","285.99","285.99","0.0"
"[]","NEW SEALED Sony WH-1000XM2 Noise Cancelling Bluetooth Headphones - Gold PRIORITY","Brand New","293.85","293.85","0.0"
"[]","BRAND NEW SEALED Sony WH-1000XM2 Noise Cancelling Headphones Black","Brand New","299.9","299.9","0.0"
"[]","Sony WH-1000XM2 Premium Noise Cancelling Wireless Bluetooth Headphones ‚Äì Black","Brand New","308.95","308.95","0.0"
"[]","Sony WH-1000XM2 Wireless noise canceling headphone High Resolution Bluetooth","Brand New","299.0","299.0","0.0"
"['Dec-15 15:36']","*BRAND NEW SEALED* Sony WH-1000XM2 Noise Cancelling Headphones Gold Priority Sh","Brand New","294.99","294.99","0.0"
"['Dec-15 15:19']","Sony Noise Cancelling Headphones WH1000XM2: Over Ear Wireless Bluetooth Headphon","Pre-Owned","162.5","162.5","0.0"
"[]","Sony 1000XM2 Wireless Noise-Cancelin g Headphones (Black), New !!!","Brand New","299.89","299.89","0.0"
"[]","Sony WH-1000XM2 Wireless noise canceling headphone High Resolution Bluetooth","Brand New","299.0","299.0","0.0"
"['Dec-14 20:01']","SONY WIRELESS NOISE CANCELING STEREO HEADSET WH-1000XM2","Brand New","310.0","310.0","0.0"
"[]","*BRAND NEW SEALED* Sony WH-1000XM2 Noise Cancelling Headphones - Black Free Ship","Brand New","299.95","299.95","0.0"
"['Dec-14 18:01']","Sony Wh-1000XM2 wireless Noise Canceling Headphones Bluetooth BRAND NEW SEALED","GOLD Headphones BRAND NEW SEALED Brand New","299.0","299.0","0.0"
"['Dec-14 16:55']","*BRAND NEW SEALED* Sony WH-1000XM2 Noise Cancelling Headphones Gold Free Ship","Brand New","289.99","289.99","0.0"
"['Dec-14 14:42']","Sony WH-1000Xm2 Noise Canceling Headphones! New In Box! Bluetooth! Free Ship!","Brand New","289.99","289.99","0.0"
"[]","*BRAND NEW SEALED* Sony WH-1000XM2 Noise Cancelling Headphones - Black Free Ship","Brand New","299.95","299.95","0.0"
"['Dec-14 08:55']","Sony WH-1000XM2 Premium Noise Cancelling Wireless Bluetooth Headphones ‚Äì Black","Brand New","308.95","308.95","0.0"
"[]","*BRAND NEW SEALED* Sony WH-1000XM2 Noise Cancelling Headphones - Black Free Ship","Brand New","299.95","299.95","0.0"
"['Dec-14 05:26']","*BRAND NEW SEALED* Sony WH-1000XM2 Noise Cancelling Headphones Gold Priority Sh","Brand New","294.99","294.99","0.0"
"['Dec-14 04:32']","Brand New 2nd Generation Sony WH-1000XM2 WH1000XM2 Headphones-Cha mpagne- Sealed","Brand New","299.95","299.95","0.0"
"[]","*BRAND NEW SEALED* Sony WH-1000XM2 Noise Cancelling Headphones - Black","Brand New","289.99","289.99","0.0"
"[]","*BRAND NEW SEALED* Sony WH-1000XM2 Noise Cancelling Headphones - Black Free Ship","Brand New","299.95","299.95","0.0"
"[]","Sony WH-1000XM2 Noise Cancelling Bluetooth Headphones - Gold","Brand New","289.0","289.0","0.0"
"[]","*BRAND NEW SEALED* Sony WH-1000XM2 Noise Cancelling Headphones - Black Free Ship","Brand New","299.95","299.95","0.0"
"[]","*BRAND NEW SEALED* Sony WH-1000XM2 Noise Cancelling Headphones - Black Free Ship","Brand New","299.95","299.95","0.0"
"['Dec-13 15:54']","Sony WH-1000Xm2 Noise Canceling Headphones! New In Box! Bluetooth! Free Ship!","Brand New","289.99","289.99","0.0"
"['Dec-13 14:57']","*BRAND NEW SEALED* Sony WH-1000XM2 Noise Cancelling Headphones - Black","Brand New","289.99","289.99","0.0"
"['Dec-13 10:53']","Sealed Sony WH-1000XM2/B Wireless Bluetooth Noise Cancelling HiFi Headphones-BLK","Brand New","288.88","288.88","0.0"
"['Dec-13 09:50']","Sony WH1000XM2B Black On-Ear Wireless Noise-Cancelin g Headphones - WH-1000XM2/B","Brand New","284.75","275.0","9.75"
"[]","Sony WH1000XM2 Premium Noise Cancelling Wireless Headphones ‚Äì Black...","Brand New","300.0","300.0","0.0"
"[]","2017 NEW 2nd Generation Sony WH-1000XM2 WH1000XM2 Headphones Black","Brand New","309.9","309.9","0.0"
"[]","NEW!! 2nd Generation Sony WH-1000XM2 WH1000XM2 Headphones-pri ority Ship -BLACK-","Brand New","303.0","289.5","13.5"
"['Dec-12 20:10']","~~NEW~~Sony WH-1000XM2 Noise Cancelling Bluetooth Headphones - FREE SHIPPING!!","Brand New","299.99","299.99","0.0"
"[]","Sony 1000X Headphones - Black. WH-1000Xm2 Bluetooth Noise Canceling Wireless","Brand New","320.0","310.0","10.0"
"[]","Sony WH-1000XM2 Wireless noise canceling headphone High Resolution Bluetooth","Brand New","299.0","299.0","0.0"
"['Dec-11 17:07']","Sony WH-1000XM2 Black On-Ear Wireless Noise-Cancelin g Headphones -Factory Sealed","Brand New","309.95","309.95","0.0"
"[]","Sony WH-1000XM2 Noise Cancelling Headphones - Gold Brand New In Box","Brand New","299.88","299.88","0.0"
"[]","Sony WH-1000XM2 Noise Cancelling Headphones - Gold Brand New In Box","Brand New","284.14","274.95","9.19"
"['Dec-11 13:08']","~~NEW~~Sony WH-1000XM2 Noise Cancelling Bluetooth Headphones - FREE SHIPPING!!","Brand New","299.99","299.99","0.0"
"[]","*BRAND NEW SEALED* Sony WH-1000XM2 Noise Cancelling Headphones - SilverFree Ship","Brand New","299.95","299.95","0.0"
"[]","Sony WH-1000XM2 Noise Cancelling Headphones Gold Drand New","Brand New","299.0","299.0","0.0"
"['Dec-10 21:43']","SONY WIRELESS NOISE CANCELING STEREO HEADSET WH-1000XM2","Brand New","325.13","300.99","24.14"
"[]","NEW!! 2nd Generation Sony WH-1000XM2 WH1000XM2 Headphones-pri ority Ship -BLACK-","Brand New","303.0","289.5","13.5"
"[]","Sony WH-1000XM2 Noise Cancelling Headphones - BLACK - SEALED","Brand New","299.99","299.99","0.0"
"[]","Sony WH-1000XM2 Noise Cancelling Headphones - Black","New (Other)","302.75","293.0","9.75"
"[]","Sony WH1000XM2 Premium Noise Cancelling Wireless Headphones Gold (WH1000XM2/N)","Brand New","295.0","295.0","0.0"
"['Dec-09 22:56']","1 pair WH-1000XM2 wireless noise cancelling high def headphones.","Brand New","267.75","260.0","7.75"
"['Dec-09 11:18']","Excellent Condition Sony WH-1000XM2 Noise Cancelling Headphones - Gold","Pre-Owned","259.26","246.51","12.75"
"[]","Sony WH-1000XM2 Noise Cancelling Bluetooth Headphones - Gold","Brand New","289.0","289.0","0.0"
"['Dec-09 06:38']","Sony WH-1000XM2 Noise Cancelling Bluetooth Headphones - BNIB","Brand New","289.0","289.0","0.0"
"['Dec-08 19:57']","Excellent Condition -Sony WH-1000XM2 Bluetooth Noise Cancelling Hi-Fi Headphones","Pre-Owned","277.15","260.0","17.15"
"['Dec-08 19:44']","SONY WH-1000XM2BM WIRELESS HEADSET JAPAN NEWEST TECH.. NEW & SEALED - FAST SHIP!","Brand New","299.99","299.99","0.0"
"[]","New Sealed Sony WH-1000XM2 BM Wireless Noise Cancelling Stereo Headset‚Äì Black","Brand New","297.04","285.0","12.04"
"[]","*BRAND NEW SEALED* Sony WH-1000XM2 Noise Cancelling Headphones - SilverFree Ship","Brand New","299.95","299.95","0.0"
"[]","2017 NEW 2nd Generation Sony WH-1000XM2 WH1000XM2 Headphones-Rep laces MDR-1000X","Brand New","295.0","295.0","0.0"
"[]","Sony Wireless Noise Cancelling Stereo Headset Headphones WH-1000Xm2 Gold","Brand New","293.98","293.98","0.0"
"[]","Sony WH1000XM2 Premium Noise Cancelling Wireless Headphones Gold (WH1000XM2/N)","Brand New","291.99","280.0","11.99"
"['Dec-08 09:16']","Sony WH-1000XM2 Black On-Ear Wireless Noise-Cancelin g Headphones -Factory Sealed","Brand New","299.88","299.88","0.0"
"[]","Sony WH1000XM2 Noise Cancelling Over Ear Wireless Bluetooth Headphones Black","New (Other)","310.0","300.0","10.0"
"['Dec-07 17:11']","2017 *NEW SEALED* 2nd Generation Sony WH-1000XM2 Headphones-Bla ck","Brand New","296.0","296.0","0.0"
"['Dec-07 14:51']","Sealed Sony WH-1000XM2/B Wireless Bluetooth Noise Cancelling HiFi Headphones-BLK","Brand New","288.88","288.88","0.0"
"[]","*BRAND NEW SEALED* Sony WH-1000XM2 Noise Cancelling Headphones - Black Free Ship","Brand New","299.95","299.95","0.0"
"[]","Sony WH1000XM2 Premium Noise Cancelling Wireless Headphones Black (WH-1000XM2BM)","Brand New","297.99","297.99","0.0"
"['Dec-07 09:31']","SONY WH-1000XM2BM WIRELESS HEADSET JAPAN NEWEST TECH.. NEW & SEALED - FAST SHIP!","Brand New","299.99","299.99","0.0"
"[]","*BRAND NEW SEALED* Sony WH-1000XM2 Noise Cancelling Headphones - Black Free Ship","Brand New","299.95","299.95","0.0"
"[]","Sony - WH-1000XM2 Wireless Over-the-Ear Noise Canceling Headphones - Gold","Brand New","295.0","295.0","0.0"
"[]","*BRAND NEW SEALED* Sony WH-1000XM2 Noise Cancelling Headphones - Black","Brand New","295.0","295.0","0.0"
"[]","*BRAND NEW SEALED* Sony WH-1000XM2 Noise Cancelling Headphones - Black Free Ship","Brand New","299.95","299.95","0.0"
"[]","*BRAND NEW SEALED* Sony WH-1000XM2 Noise Cancelling Headphones - Black Free Ship","Brand New","299.95","299.95","0.0"
"['Dec-06 14:05']","*BRAND NEW SEALED* Sony WH-1000XM2 Noise Cancelling Headphones Gold Free Ship","Brand New","290.0","290.0","0.0"
"['Dec-06 13:56']","","‚úî AUTHORIZED DEALER ‚úî 1 YEAR WARRANTY ‚úî New (Other)","295.0","295.0","0.0"
"['Dec-06 11:34']","SONY WH-1000XM2BM WIRELESS HEADSET JAPAN NEWEST TECH.. NEW & SEALED - FAST SHIP!","Brand New","299.99","299.99","0.0"
"[]","*BRAND NEW SEALED* Sony WH-1000XM2 Noise Cancelling Headphones - Black Free Ship","Brand New","299.95","299.95","0.0"
"[]","*BRAND NEW SEALED* Sony WH-1000XM2 Noise Cancelling Headphones - Black Free Ship","Brand New","299.95","299.95","0.0"
"['Dec-06 08:17']","~~NEW~~Sony WH-1000XM2 Noise Cancelling Bluetooth Headphones - FREE SHIPPING!!","Brand New","299.99","299.99","0.0"
"['Dec-05 23:35']","SONY WH-1000XM2BM WIRELESS HEADSET JAPAN NEWEST TECH.. NEW & SEALED - FAST SHIP!","Brand New","296.0","296.0","0.0"
"[]","*BRAND NEW SEALED* Sony WH-1000XM2 Noise Cancelling Headphones - Black Free Ship","Brand New","299.95","299.95","0.0"
"[]","*BRAND NEW SEALED* Sony WH-1000XM2 Noise Cancelling Headphones - Black Free Ship","Brand New","299.95","299.95","0.0"
"[]","Sony WH-1000XM2 Wireless Bluetooth Noise Cancelling Hi-Fi(GOLD) Same Day Ship üöÄ","Brand New","279.98","269.99","9.99"
"['Dec-05 15:00']","","Brand New, Open Tested, Worldwide Shipping New (Other)","278.0","229.0","49.0"
"['Dec-05 11:38']","*BRAND NEW SEALED* Sony WH-1000XM2 Noise Cancelling Headphones Gold Free Ship","Brand New","290.0","290.0","0.0"
"[]","Sony WH-1000XM2 Noise Cancelling Bluetooth Headphones - Gold","Brand New","285.0","285.0","0.0"
"[]","*BRAND NEW SEALED* Sony WH-1000XM2 Noise Cancelling Headphones - Black Free Ship","Brand New","299.95","299.95","0.0"
"[]","2017 *NEW SEALED* 2nd Generation Sony WH-1000XM2 Headphones-Bla ck","Brand New","300.0","300.0","0.0"
"[]","*BRAND NEW SEALED* Sony WH-1000XM2 Noise Cancelling Headphones - Black Free Ship","Brand New","299.95","299.95","0.0"
"['Dec-05 08:43']","Sony WH-1000XM2 Premium Noise Cancelling Wireless Bluetooth Headphones ‚Äì Black","Brand New","308.95","308.95","0.0"
"['Dec-05 04:42']","sony wh-1000xm2","Brand New","305.0","305.0","0.0"
"[]","2017 NEW 2nd Generation Sony WH-1000XM2 WH1000XM2 Headphones-Rep laces MDR-1000X","Brand New","290.0","290.0","0.0"
"[]","Sony WH-1000Xm2 Noise Cancelling Wireless Headphones","Brand New","294.99","294.99","0.0"
"['Dec-04 12:14']","Sony WH-1000XM2 Black On-Ear Wireless Noise-Cancelin g Headphones -Factory Sealed","Brand New","299.88","299.88","0.0"
"[]","*BRAND NEW SEALED* Sony WH-1000XM2 Noise Cancelling Headphones - Black Free Ship","Brand New","299.95","299.95","0.0"
"[]","*BRAND NEW SEALED* Sony WH-1000XM2 Noise Cancelling Headphones - Black Free Ship","Brand New","299.95","299.95","0.0"
"[]","*BRAND NEW SEALED* Sony WH-1000XM2 Noise Cancelling Headphones - Black Free Ship","Brand New","299.95","299.95","0.0"
"[]","*BRAND NEW SEALED* Sony WH-1000XM2 Noise Cancelling Headphones - Gold","Brand New","295.0","295.0","0.0"
"[]","*BRAND NEW SEALED* Sony WH-1000XM2 Noise Cancelling Headphones - Black Free Ship","Brand New","299.95","299.95","0.0"
"[]","*BRAND NEW SEALED* Sony WH-1000XM2 Noise Cancelling Headphones - Black Free Ship","Brand New","299.95","299.95","0.0"
"[]","*BRAND NEW SEALED* Sony WH-1000XM2 Noise Cancelling Headphones - Black","Brand New","295.0","295.0","0.0"
"[]","2017 NEW 2nd Generation Sony WH-1000XM2 WH1000XM2 Headphones-Rep laces MDR-1000X","Brand New","299.0","299.0","0.0"
"[]","*BRAND NEW SEALED* Sony WH-1000XM2 Noise Cancelling Headphones - Black Free Ship","Brand New","299.95","299.95","0.0"
"[]","*BRAND NEW SEALED* Sony WH-1000XM2 Noise Cancelling Headphones - SilverFree Ship","Brand New","299.95","299.95","0.0"
"['Dec-03 15:10']","BRAND NEW Sony WH-1000xm2","Brand New","297.0","280.0","17.0"
"[]","2017 NEW 2nd Generation Sony WH-1000XM2 WH1000XM2 Headphones-Rep laces MDR-1000X","Brand New","299.0","299.0","0.0"
"[]","2017 NEW (2nd Generation) Sony WH-1000XM2 Headphones","Brand New","298.0","295.0","3.0"
"['Dec-03 12:26']","BRAND NEW SEALED Sony WH-1000XM2 Noise Cancelling Headphones - BLACK","Brand New","280.0","280.0","0.0"
"[]","*BRAND NEW SEALED* Sony WH-1000XM2 Noise Cancelling Headphones - Black Free Ship","Brand New","299.95","299.95","0.0"
"['Dec-03 08:13']","Sony WH-1000XM2 Black On-Ear Wireless Noise-Cancelin g Headphones -Factory Sealed","Brand New","309.95","309.95","0.0"
"[]","*BRAND NEW SEALED* Sony WH-1000XM2 Noise Cancelling Headphones - Black Free Ship","Brand New","299.95","299.95","0.0"
"['Dec-03 06:17']","*BRAND NEW SEALED* Sony WH-1000XM2 Noise Cancelling Headphones Gold Free Ship","Brand New","299.95","299.95","0.0"
"[]","Brand New 2nd Generation Sony WH-1000XM2 WH1000XM2 Headphones-Bla ck - Sealed","Brand New","299.95","299.95","0.0"
"[]","New Sealed Sony WH-1000XM2 BM Wireless Noise Cancelling Stereo Headset‚Äì Black","Brand New","297.04","285.0","12.04"
"['Dec-02 13:47']","Sony WH-1000XM2 Black On-Ear Wireless Noise-Cancelin g Headphones -Factory Sealed","Brand New","299.88","299.88","0.0"
"['Dec-02 08:40']","Sony WH-1000Xm2 Noise Cancelling Wireless Headphones","Brand New","294.99","294.99","0.0"
"['Dec-01 23:44']","sony wh-1000xm2","Brand New","305.0","305.0","0.0"
"[]","*BRAND NEW SEALED* Sony WH-1000XM2 Noise Cancelling Headphones - Black Free Ship","Brand New","299.95","299.95","0.0"
"[]","*BRAND NEW SEALED* Sony WH-1000XM2 Noise Cancelling Headphones - SilverFree Ship","Brand New","299.95","299.95","0.0"
"[]","Sony WH-1000XM2 Noise Cancelling Bluetooth Headphones - BNIB","Brand New","280.0","280.0","0.0"
"['Nov-30 11:31']","Sony WH1000XM2 Premium Noise Cancelling Wireless Headphones ‚Äì Black (WH1000XM2/","Brand New","311.65","300.0","11.65"
"[]","*BRAND NEW SEALED* Sony WH-1000XM2 Noise Cancelling Headphones - Black","Brand New","297.0","297.0","0.0"
"[]","2017 NEW 2nd Generation Sony WH-1000XM2 WH1000XM2 Headphones-Rep laces MDR-1000X","Brand New","280.0","280.0","0.0"
"[]","Sony WH-1000XM2 Noise Cancelling Bluetooth Headphones - BNIB","Brand New","280.0","280.0","0.0"
"[]","2017 NEW 2nd Generation Sony WH-1000XM2 WH1000XM2 Headphones-Rep laces MDR-1000X","Brand New","280.0","280.0","0.0"
"[]","Sony WH-1000XM2 Noise Cancelling Bluetooth Headphones - Gold","Brand New","280.0","280.0","0.0"
"['Nov-29 17:06']","Sony WH-1000XM2 Black On-Ear Wireless Noise-Cancelin g Headphones -Factory Sealed","Brand New","295.85","295.85","0.0"
"['Nov-28 20:43']","Sealed Sony WH-1000XM2/B Wireless Bluetooth Noise Cancelling HiFi Headphones-BLK","Brand New","288.88","288.88","0.0"
"['Nov-28 17:46']","Sony Wireless Headset Headphones Wh-1000xm2 BRAND NEW SEALED IN BOX","Brand New","293.2","286.0","7.2"
"['Nov-27 22:14']","Sony 1000X mkII Premium Wireless Noise Cancelling Headphones Model: WH1000XM2/B","These are the NEW 2017 release of the Sony 1000x MKII New (Other)","280.0","280.0","0.0"
"['Nov-27 19:33']","Sony 1000X mkII Premium Wireless Noise Cancelling Headphones Model: WH1000XM2/B","These are the NEW 2017 release of the Sony 1000x MKII New (Other)","260.0","260.0","0.0"
"[]","*BRAND NEW SEALED* Sony WH-1000XM2 Noise Cancelling Headphones - Black","Brand New","312.78","300.0","12.78"
"[]","*BRAND NEW SEALED* Sony WH-1000XM2 Noise Cancelling Headphones - Gold","Brand New","297.0","297.0","0.0"
"[]","*BRAND NEW SEALED* Sony WH-1000XM2 Noise Cancelling Headphones - Gold","Brand New","299.99","299.99","0.0"
"[]","*BRAND NEW SEALED* Sony WH-1000XM2 Noise Cancelling Headphones - Black","Brand New","297.0","297.0","0.0"
"['Nov-27 14:40']","BRAND NEW Sony WH-1000xm2","Brand New","297.0","280.0","17.0"
"['Nov-27 14:04']","Sony WH-1000XM2 Premium Noise Cancelling Wireless Bluetooth Headphones ‚Äì Black","Brand New","299.0","299.0","0.0"
"[]","Sony WH-1000XM2 Noise Cancelling Headphones Gold Drand New","Brand New","299.0","299.0","0.0"
"['Nov-27 11:23']","SONY WH-1000xm2 Wireless Noise Cancelling Headphones Bluetooth ‚ÄúSEALED‚Äù ((GOLD))","Brand New","299.99","299.99","0.0"
"[]","2017 NEW 2nd Generation Sony WH-1000XM2 WH1000XM2 Headphones-Rep laces MDR-1000X","Brand New","299.99","299.99","0.0"
"['Nov-27 09:29']","SONY WH-1000XM2BM WIRELESS HEADSET JAPAN NEWEST TECH.. NEW & SEALED - FAST SHIP!","Brand New","309.99","309.99","0.0"
"[]","NEW GOLD Sony WH-1000XM2 Noise Cancelling Bluetooth Headphones - FREE SHIPPING","Brand New","285.0","285.0","0.0"
"[]","NEW~~Sony WH-1000XM2 Noise Cancelling Bluetooth Headphones - FREE SHIPPING","Brand New","285.0","285.0","0.0"
"['Nov-26 13:17']","Sony 1000X mkII Premium Wireless Noise Cancelling Headphones Model: WH1000XM2/B","These are the NEW 2017 release of the Sony 1000x MKII New (Other)","275.0","275.0","0.0"
"['Nov-26 11:50']","~~NEW~~Sony WH-1000XM2 Noise Cancelling Bluetooth Headphones - FREE SHIPPING!!","Brand New","305.99","305.99","0.0"
"['Nov-25 22:28']","sony wh-1000xm2","Brand New","310.0","305.0","5.0"
"[]","*BRAND NEW SEALED* Sony WH-1000XM2 Noise Cancelling Headphones - SilverFree Ship","Brand New","299.95","299.95","0.0"
"[]","New Sealed Sony WH-1000XM2 BM Wireless Noise Cancelling Stereo Headset‚Äì Black","Brand New","297.04","285.0","12.04"
"['Nov-24 17:05']","SONY WH-1000XM2BM WIRELESS HEADSET JAPAN NEWEST TECH.. NEW & SEALED - FAST SHIP!","Brand New","309.99","309.99","0.0"
"[]","NEW 2nd Generation Sony WH-1000XM2 WH1000XM2 Headphones-Bla ck","Brand New","288.99","288.99","0.0"
"['Nov-24 09:53']","~~NEW~~Sony WH-1000XM2 Noise Cancelling Bluetooth Headphones - FREE SHIPPING!!","Brand New","305.99","305.99","0.0"
"['Nov-24 07:38']","Sony WH1000XM2 Premium Noise Cancelling Wireless Headphones Black (WH1000XM2/B)","Pre-Owned","299.99","299.99","0.0"
"[]","NEW 2nd Generation Sony WH-1000XM2 WH1000XM2 Headphones-Gol d","Brand New","289.89","289.89","0.0"
"[]","2017 NEW 2nd Generation Sony WH-1000XM2 WH1000XM2 Headphones-Rep laces MDR-1000X","Brand New","299.99","299.99","0.0"
"[]","2017 NEW 2nd Generation Sony WH-1000XM2 WH1000XM2 Headphones-Rep laces MDR-1000X","New (Other)","282.79999999999995","271.15","11.65"
"[]","*BRAND NEW SEALED* Sony WH-1000XM2 Noise Cancelling Headphones - SilverFree Ship","Brand New","299.95","299.95","0.0"
"['Nov-23 19:30']","Sony WH-1000XM2 Noise Cancelling Bluetooth Headphones - BNIB","Brand New","317.99","299.99","18.0"
"['Nov-23 18:19']","Sony WH-1000XM2 Premium Noise Cancelling Wireless Bluetooth Headphones ‚Äì Black","Brand New","184.95","184.95","0.0"
"[]","Sony WH-1000XM2 Wireless Noise Cancelling - High-Res Audio - Bluetooth - NEW!","Brand New","305.0","305.0","0.0"
"[]","NEW 2nd Generation Sony WH-1000XM2 WH1000XM2 Headphones-Bla ck","Brand New","289.89","289.89","0.0"
"[]","2017 NEW 2nd Generation Sony WH-1000XM2 WH1000XM2 Headphones-Rep laces MDR-1000X","Brand New","306.99","299.0","7.99"
"['Nov-23 05:35']","BRAND NEW SEALED Sony WH-1000XM2 Noise Cancelling Headphones - Gold NIB","Brand New","299.0","299.0","0.0"
"[]","NEW 2nd Generation Sony WH-1000XM2 WH1000XM2 Headphones-Bla ck","Brand New","299.89","299.89","0.0"
"['Nov-22 19:30']","Sony WH-1000Xm2 Wireless Noise Canceling Headphones Newest edition!-Black","Brand New","298.0","298.0","0.0"
"['Nov-22 16:12']","Sony WH-1000Xm2 Wireless Bluetooth Headphones! New In Box! Free Shipping!!!","Brand New","289.99","289.99","0.0"
"[]","*BRAND NEW SEALED* Sony WH-1000XM2 Noise Cancelling Headphones - Black Free Ship","Brand New","299.95","299.95","0.0"
"[]","*BRAND NEW SEALED* Sony WH-1000XM2 Noise Cancelling Headphones - Black Free Ship","Brand New","299.95","299.95","0.0"
"[]","*BRAND NEW SEALED* Sony WH-1000XM2 Noise Cancelling Headphones - Black Free Ship","Brand New","299.95","299.95","0.0"
"[]","*BRAND NEW SEALED* Sony WH-1000XM2 Noise Cancelling Headphones - Black Free Ship","Brand New","299.95","299.95","0.0"
"[]","*BRAND NEW SEALED* Sony WH-1000XM2 Noise Cancelling Headphones - Black Free Ship","Brand New","299.95","299.95","0.0"
"['Nov-22 11:16']","Sony WH1000XM2 Premium Noise Cancelling Wireless Headphones in Gold","Pre-Owned","211.98000000000002","197.99","13.99"
"[]","NEW 2nd Generation Sony WH-1000XM2 WH1000XM2 Headphones-Bla ck","Brand New","299.89","299.89","0.0"
"['Nov-22 09:43']","BRAND NEW SEALED Sony WH-1000XM2 Noise Cancelling Headphones - Gold NIB","Brand New","299.0","299.0","0.0"
"[]","*BRAND NEW SEALED* Sony WH-1000XM2 Noise Cancelling Headphones - Black Free Ship","Brand New","299.95","299.95","0.0"
"[]","NEW 2nd Generation Sony WH-1000XM2 WH1000XM2 Headphones-Gol d","Brand New","299.89","299.89","0.0"
"['Nov-22 05:20']","Sony WH-1000XM2 Noise Cancelling Bluetooth Headphones - BNIB","Brand New","317.99","299.99","18.0"
"['Nov-22 02:14']","Sony WH1000XM2 Premium Noise Cancelling Wireless Headphones ‚Äì Black 2017 Model","Pre-Owned","279.0","279.0","0.0"
"['Nov-21 23:08']","Sony WH-1000XM2 Noise Cancelling Bluetooth Headphones - BNIB","Brand New","299.0","299.0","0.0"
"[]","BRAND NEW Sony WH-1000Xm2","Brand New","297.0","280.0","17.0"
"[]","*BRAND NEW SEALED* Sony WH-1000XM2 Noise Cancelling Headphones - Black Free Ship","Brand New","299.95","299.95","0.0"
"['Nov-21 12:52']","*BRAND NEW SEALED* Sony WH-1000XM2 Noise Cancelling Headphones Gold Free Ship","Brand New","305.0","305.0","0.0"
"[]","*BRAND NEW SEALED* Sony WH-1000XM2 Noise Cancelling Headphones - Black Free Ship","Brand New","299.95","299.95","0.0"
"[]","Sony WH-1000XM2 Wireless Noise Canceling High Resolution Bluetooth Headphones","Brand New","288.0","288.0","0.0"
"[]","*BRAND NEW SEALED* Sony WH-1000XM2 Noise Cancelling Headphones - SilverFree Ship","Brand New","299.95","299.95","0.0"
"['Nov-20 13:05']","*BRAND NEW SEALED* Sony WH-1000XM2 Noise Cancelling Headphones Gold Free Ship","Brand New","309.95","309.95","0.0"
"[]","2017 NEW 2nd Generation Sony WH-1000XM2 WH1000XM2 Headphones-Gol d Free Shipping","Brand New","309.0","309.0","0.0"
"['Nov-20 03:03']","IN STOCK BRAND NEW Sony WH1000XM2N Wireless Noise Cancelling Headphones - Gold","Brand New","299.9","299.9","0.0"
"[]","Sony - WH-1000XM2 Wireless Over-the-Ear Noise Canceling Headphones Japan-Gold","Brand New","299.99","299.99","0.0"
"['Nov-19 18:30']","Sony WH-1000Xm2 Wireless Noise Canceling Headphones Bluetooth Brand New","New (Other)","307.7","296.0","11.7"
"[]","2017 NEW 2nd Generation Sony WH-1000XM2 WH1000XM2 Headphones-Rep laces MDR-1000X","Brand New","310.0","310.0","0.0"
"['Nov-19 10:58']","Sony WH-1000XM2 Noise Cancelling Bluetooth Headphones - BNIB","Brand New","299.0","299.0","0.0"
"[]","2017 NEW 2nd Generation Sony WH-1000XM2 WH1000XM2 Headphones-Rep laces MDR-1000X","Brand New","310.0","310.0","0.0"
"['Nov-19 04:36']","Sony WH-1000XM2 Noise Cancelling Bluetooth Headphones - BNIB","Brand New","317.99","299.99","18.0"
"['Nov-18 21:33']","Sony WH1000XM2 Premium Noise Cancelling Wireless Headphones Black WH1000XM2/B","Pre-Owned","239.99","239.99","0.0"
"[]","Sony - WH-1000XM2 Wireless Over-the-Ear Noise Canceling Headphones Japan-Gold","Brand New","299.99","299.99","0.0"
"['Nov-18 12:59']","*BRAND NEW SEALED* Sony WH-1000XM2 Noise Cancelling Headphones Gold Free Ship","Brand New","305.0","305.0","0.0"
"[]","NEW 2nd Generation Sony WH-1000XM2 WH1000XM2 Headphones-Bla ck","Brand New","299.89","299.89","0.0"
"['Nov-17 21:07']","Sony WH1000XM2 Premium Noise Cancelling Wireless Headphones ‚Äì Black...","Brand New","309.99","309.99","0.0"
"[]","NEW 2nd Generation Sony WH-1000XM2 WH1000XM2 Headphones-Bla ck","Brand New","299.89","299.89","0.0"
"[]","2017 NEW 2nd Generation Sony WH-1000XM2 WH1000XM2 Headphones-Gol d Free Shipping","Brand New","309.0","309.0","0.0"
"['Nov-17 12:53']","NEW 2nd Generation Sony WH-1000XM2 WH1000XM2 Headphones-Gol d FREE SHIPPING","Brand New","304.99","304.99","0.0"
"['Nov-17 07:04']","*BRAND NEW SEALED* Sony WH-1000XM2 Noise Cancelling Headphones Gold Free Ship","Brand New","305.0","305.0","0.0"
"[]","Sony Wireless Noise Canceling Stereo Headphones WH-1000XM2 BM -Black","Brand New","310.0","310.0","0.0"
"[]","Sony WH-1000XM2 Black","Pre-Owned","262.75","250.0","12.75"
"[]","New Sealed Sony WH-1000XM2 BM Wireless Noise Cancelling Stereo Headset‚Äì Black","Brand New","297.04","285.0","12.04"
"['Nov-16 11:15']","Sony WH-1000XM2 Wireless Noise Cancelling Headphones - Black *new*","Brand New","305.15","296.5","8.65"
"['Nov-16 08:35']","*BRAND NEW SEALED* Sony WH-1000XM2 Noise Cancelling Headphones Gold Free Ship","Brand New","305.0","305.0","0.0"
"[]","2017 NEW 2nd Generation Sony WH-1000XM2 WH1000XM2 Headphones-Rep laces MDR-1000X","Brand New","310.0","310.0","0.0"
"['Nov-15 20:34']","Sony WH-1000Xm2 Wireless Noise Canceling Headphones Newest edition!-Black","Brand New","298.0","298.0","0.0"
"['Nov-15 20:30']","SONY WIRELESS NOISE CANCELING STEREO HEADSET WH-1000XM2","Brand New","309.95","309.95","0.0"
"[]","NEW 2nd Generation Sony WH-1000XM2 WH1000XM2 Headphones-Bla ck","Brand New","299.89","299.89","0.0"
"[]","SONY WH-1000XM2BM WIRELESS HEADSET JAPAN NEWEST TECH.. NEW & SEALED - FAST SHIP!","Brand New","309.99","309.99","0.0"
"['Nov-15 09:04']","Sony WH-1000xm2 Opened but brand new. Beige, Authentic from AUTHORIZED DEALER.","New (Other)","299.0","299.0","0.0"
"[]","2017 NEW 2nd Generation Sony WH-1000XM2 WH1000XM2 Headphones-Rep laces MDR-1000X","Brand New","310.0","300.0","10.0"
"['Nov-15 08:58']","NEW 2nd Generation Sony WH-1000XM2 Headphones-Gol d ~FREE SHIPPING~","Brand New","304.99","304.99","0.0"
"[]","NEW 2nd Generation Sony WH-1000XM2 WH1000XM2 Headphones-Gol d","Brand New","299.89","299.89","0.0"
"['Nov-14 23:56']","Sealed Sony WH-1000XM2/B Wireless Bluetooth Noise Cancelling HiFi Headphones-BLK","Brand New","288.88","288.88","0.0"
"['Nov-14 21:45']","sony wh-1000xm2","Brand New","305.0","305.0","0.0"
"['Nov-14 20:12']","*BRAND NEW SEALED* Sony WH-1000XM2 Noise Cancelling Headphones - Black","Brand New","314.98","299.99","14.99"
"['Nov-14 17:44']","Sony - WH-1000XM2 Wireless Over-the-Ear Noise Canceling Headphones Japan-Gold","Brand New","299.99","299.99","0.0"
"['Nov-14 16:29']","sony wh-1000xm2","Brand New","305.0","305.0","0.0"
"['Nov-14 13:04']","~~NEW~~Sony WH-1000XM2 Noise Cancelling Bluetooth Headphones - FREE SHIPPING!!","Brand New","304.99","304.99","0.0"
"['Nov-14 12:34']","Sony WH1000XM2 Premium Noise Cancelling Wireless Headphones ‚Äì Black...","Brand New","309.99","309.99","0.0"
"['Nov-14 11:32']","NIB-Sealed Sony WH-1000XM2/B Wireless Bluetooth Noise Cancelling HiFi Headphones","Brand New","288.88","288.88","0.0"
"['Nov-14 10:43']","sony wh-1000xm2","Brand New","305.0","305.0","0.0"
"['Nov-14 09:57']","*BRAND NEW SEALED* Sony WH-1000XM2 Noise Cancelling Headphones - Black or Gold","Brand New","307.2","300.0","7.2"
"['Nov-13 20:37']","sony wh-1000xm2","Brand New","305.0","305.0","0.0"
"['Nov-13 20:24']","Sony 1000X mkII Premium Wireless Noise Cancelling Headphones Model: WH1000XM2/B","These are the NEW 2017 release of the Sony 1000x MKII New (Other)","275.0","275.0","0.0"
"[]","SONY WH-1000XM2BM WIRELESS HEADSET JAPAN NEWEST TECH.. NEW & SEALED - FAST SHIP!","Brand New","309.99","309.99","0.0"
"['Nov-12 19:00']","Sony WH-1000XM2 Noise Cancelling Bluetooth Headphones - BNIB","Brand New","310.0","310.0","0.0"
"['Nov-12 16:34']","*BRAND NEW SEALED* Sony WH-1000XM2 Noise Cancelling Headphones Gold Free Ship","Brand New","294.99","294.99","0.0"
"['Nov-12 12:38']","sony wh-1000xm2","Brand New","305.0","305.0","0.0"
"['Nov-12 12:38']","sony wh-1000xm2","Brand New","305.0","305.0","0.0"
"['Nov-11 21:33']","sony wh-1000xm2","Brand New","305.0","305.0","0.0"
"[]","2017 NEW 2nd Generation Sony WH-1000XM2 WH1000XM2 Headphones - Champagne Gold","Brand New","304.88","304.88","0.0"
"['Nov-10 23:22']","sony wh-1000xm2","Brand New","305.0","305.0","0.0"
"['Nov-10 19:13']","Sony WH1000XM2 Premium Noise Cancelling Wireless Headphones Gold (WH1000XM2/N)","Brand New","297.99","297.99","0.0"
"['Nov-10 11:02']","sony wh-1000xm2","Brand New","305.0","305.0","0.0"
"['Nov-10 09:06']","Sony WH-1000Xm2 Wireless Noise Canceling Headphones Newest edition!-Black","Brand New","298.0","298.0","0.0"
"['Nov-09 14:28']","Sony WH-1000XM2 Noise Cancelling Headphones - Black","Brand New","289.99","279.99","10.0"
"[]","Sony WH 1000XM2 Wireless Bluetooth Noise Cancelling HiFi Headphones","Pre-Owned","275.0","275.0","0.0"
"['Nov-09 09:20']","sony wh-1000xm2","Brand New","305.0","305.0","0.0"
"['Nov-09 02:07']","SONY WH-1000XM2BM WIRELESS HEADSET JAPAN NEWEST TECH.. NEW & SEALED - FAST SHIP!","Brand New","309.99","309.99","0.0"
"['Nov-08 23:12']","sony wh-1000xm2","Brand New","270.0","270.0","0.0"
"['Nov-08 20:38']","Brand New SONY WH-1000XM2 Headphone - Gold","Brand New","310.0","310.0","0.0"
"['Nov-08 18:36']","Sony WH1000XM2 Premium Noise Cancelling Wireless Headphones Gold (WH1000XM2/N)","Brand New","305.5","305.5","0.0"
"['Nov-07 11:52']","BRAND NEW SEALED - Sony WH-1000XM2 Wireless Headphones","Brand New","297.0","297.0","0.0"
"['Nov-07 10:08']","Sony WH-1000XM2 Black On-Ear Wireless Noise-Cancelin g Headphones -Factory Sealed","Brand New","309.95","309.95","0.0"
"[]","2017 NEW 2nd Generation Sony WH-1000XM2 WH1000XM2 Headphones - Black Color","Brand New","309.48","309.48","0.0"
"['Nov-06 15:13']","Sony WH1000XM2 Premium Noise Cancelling Wireless Headphones Gold (WH1000XM2/N)","Brand New","309.0","309.0","0.0"
"[]","Sony WH-1000XM2 Black On-Ear Wireless Noise-Cancelin g Headphones -Factory Sealed","Brand New","309.95","309.95","0.0"
"['Nov-06 06:51']","Sony WH1000XM2 Premium Noise Cancelling Wireless Headphones Gold (WH1000XM2/N)","Brand New","305.5","305.5","0.0"
"[]","2017 NEW 2nd Generation Sony WH-1000XM2 WH1000XM2 Headphones - Champagne Gold","Brand New","309.9","309.9","0.0"
"['Nov-05 14:49']","Sony WH1000XM2 Premium Noise Cancelling Wireless Headphones Gold (WH1000XM2/N)","Brand New","305.5","305.5","0.0"
"['Nov-05 06:21']","Sony WH1000XM2 Premium Noise Cancelling Wireless Headphones ‚Äì Black","Brand New","295.0","295.0","0.0"
"[]","NEW!! 2nd Generation Sony WH-1000XM2 WH1000XM2 Headphones-pri ority Ship -BLACK-","Brand New","313.49","299.99","13.5"
"['Nov-03 21:54']","Sony - WH-1000XM2 Wireless Over-the-Ear Noise Canceling Headphones - Gold","New (Other)","299.75","290.0","9.75"
"[]","Sony WH1000XM2 Premium Noise Cancelling Wireless Headphones -Black","Brand New","275.0","275.0","0.0"
"[]","*BRAND NEW FACTORY SEALED* Sony WH-1000XM2 Noise Cancelling Headphones-BLA CK","Brand New","305.0","305.0","0.0"
"[]","2017 *NEW SEALED* 2nd Generation Sony WH-1000XM2 Headphones-Bla ck","Brand New","309.99","309.99","0.0"
"[]","Sony - WH-1000XM2 Wireless Over-the-Ear Noise Canceling Headphones - Gold","Brand New","309.95","309.95","0.0"
"[]","Sony WH-1000XM2 Premium Noise Cancelling Wireless Bluetooth Headphones ‚Äì Black","Brand New","309.0","309.0","0.0"
"[]","MINT ** Sony WH1000XM2N Wireless Noise Cancelling Headphones - Gold Bluetooth","Pre-Owned","278.28","265.0","13.28"
"['Nov-02 14:11']","Sony WH-1000XM2 Wireless Over-the-Ear Noise Canceling Headphones - Gold","Brand New","301.05","289.0","12.05"
"['Nov-02 14:06']","BRAND NEW SEALED - Sony WH-1000XM2 Wireless Headphones","Brand New","308.2","301.0","7.2"
"['Nov-02 13:39']","*BRAND NEW SEALED* Sony WH-1000XM2 Noise Cancelling Headphones Gold Free Ship","Brand New","294.99","294.99","0.0"
"['Nov-02 13:34']","*BRAND NEW SEALED* Sony WH-1000XM2 Noise Cancelling Headphones - Black","Brand New","311.7","300.0","11.7"
"[]","New Sealed Sony WH-1000XM2 BM Wireless Noise Cancelling Stereo Headset‚Äì Black","Brand New","313.0","298.0","15.0"
"['Nov-02 08:24']","Sony WH1000XM2 Premium Noise Cancelling Wireless Headphones Black WH1000XM2/B","Pre-Owned","287.8","280.0","7.8"
"['Nov-01 11:44']","Sony WH1000XM2 Premium Noise Cancelling Wireless Headphones ‚Äì Black","Brand New","295.0","295.0","0.0"
"[]","Sony WH-1000XM2 Wireless Noise Canceling High Resolution Bluetooth Headphones","Brand New","288.0","288.0","0.0"
"[]","New Sealed Sony WH-1000XM2 BM Wireless Noise Cancelling Stereo Headset‚Äì Black","Brand New","297.04","285.0","12.04"
"['Oct-31 09:08']","Sony WH-1000XM2 Premium Noise Cancelling Wireless Bluetooth Headphones ‚Äì Black","Brand New","299.99","299.99","0.0"
"['Oct-30 18:17']","Sony WH-1000XM2 Wireless Noise Cancelling - High-Res Audio - Bluetooth - NEW!","Brand New","309.0","309.0","0.0"
"['Oct-29 17:00']","Sony WH-1000XM2 Noise Cancelling Headphones New Sealed","Brand New","310.0","310.0","0.0"
"[]","BRAND NEW Sony WH-1000Xm2","Brand New","297.0","280.0","17.0"
"['Oct-27 21:49']","Sony WH-1000Xm2 Wireless Noise Cancelling Headphones Bluetooth New Sealed(BLACK)","Brand New","314.98","299.99","14.99"
"[]","SONY WH-1000xm2 Wireless Noise Cancelling Headphones Bluetooth ‚ÄúSEALED‚Äù (GOLD)","Brand New","309.99","309.99","0.0"
"['Oct-27 15:11']","","Pre-Owned","247.71","247.71","0.0"
"[]","NEW!! 2nd Generation Sony WH-1000XM2 WH1000XM2 Headphones-pri ority Ship -BLACK-","Brand New","313.49","299.99","13.5"
"['Oct-27 07:23']","SONY WH-1000xm2 Wireless Noise Cancelling Headphones Bluetooth *SEALED*","Brand New","309.99","309.99","0.0"
"[]","2017 NEW 2nd Generation Sony WH-1000XM2 WH1000XM2 Headphones-Rep laces MDR-1000X","Brand New","308.85","300.0","8.85"
"['Oct-26 18:18']","Sony WH-1000XM2 Noise Cancelling Headphones - BLACK - SEALED","Brand New","299.99","299.99","0.0"
"['Oct-26 11:22']","Sony - WH-1000XM2 Wireless Over-the-Ear Noise Canceling Headphones - Gold","New (Other)","304.75","295.0","9.75"
"['Oct-26 00:41']","Sony - WH-1000XM2 Wireless Over-the-Ear Noise Canceling Headphones - Gold","Brand New","309.99","309.99","0.0"
"[]","NEW!! 2nd Generation Sony WH-1000XM2 WH1000XM2 Headphones-pri ority Ship -BLACK-","Brand New","313.49","299.99","13.5"
"[]","2017 NEW 2nd Gen Sony WH-1000XM2 WH1000XM2BM NOISE CANCELLING WIRELESS BLUETOOTH","Brand New","288.88","288.88","0.0"
"['Oct-25 03:08']","SONY WH-1000xm2 Wireless Noise Cancelling Headphones Bluetooth ‚ÄúSEALED‚Äù ((GOLD))","Brand New","314.98","299.99","14.99"
"['Oct-24 20:11']","!! GOLD !!Sony - WH-1000XM2 Wireless Over-the-Ear Noise Canceling Headphones","Brand New","294.62","278.99","15.63"
"['Oct-23 15:03']","*BRAND NEW SEALED* Sony WH-1000XM2 Noise Cancelling Headphones - Black","Brand New","289.0","289.0","0.0"
"['Oct-23 11:05']","Sony - WH-1000XM2 Wireless Over-the-Ear Noise Canceling Headphones - Gold","Brand New","322.05","310.0","12.05"
"['Oct-23 08:41']","Sony Wh-1000XM2 wireless Noise Canceling Headphones Bluetooth BRAND NEW SEALED","GOLD Headphones BRAND NEW SEALED Brand New","310.0","310.0","0.0"
"['Oct-22 23:42']","Sony Wh-1000XM2 wireless Noise Canceling Headphones Bluetooth BRAND NEW SEALED","BLACK Headphones BRAND NEW SEALED Brand New","310.0","310.0","0.0"
"[]","SONY WH-1000xm2 Wireless Noise Cancelling Headphones Bluetooth ‚ÄúSEALED‚Äù (GOLD)","Brand New","309.99","309.99","0.0"
"[]","BRAND NEW Sony WH-1000Xm2","Brand New","297.0","280.0","17.0"
"['Oct-21 13:34']","Sony WH-1000XM2 Noise Cancelling Headphones - Gold - SEALED","Brand New","299.99","299.99","0.0"
"[]","2017 Sony WH-1000XM2 Premium Wireless Noise Cancelling Headphones Black SEALED","FREE SHIPPING W/ TRACKING & SIGNATURE Brand New","309.99","309.99","0.0"
"['Oct-21 11:36']","Sony WH-1000XM2 Premium Noise Cancelling Wireless Bluetooth Headphones ‚Äì Black","New (Other)","249.99","249.99","0.0"
"['Oct-20 09:52']","Sony Wh-1000xm2 Wireless Noise Canceling Headphones Bluetooth Brand New Sealed","Brand New","323.71000000000004","309.99","13.72"
"['Oct-20 08:00']","Sony Wireless Noise Canceling Stereo Headphones WH-1000XM2","New (Other)","285.0","285.0","0.0"
"['Oct-19 19:10']","Sony WH1000XM2 Premium Noise Cancelling Wireless Headphones ‚Äì Black","Brand New","295.0","295.0","0.0"
"['Oct-19 12:53']","Sony Over-Ear Noise Cancelling Bluetooth Headphones - Black","Brand New","281.83","281.83","0.0"
"[]","NEW!! 2nd Generation Sony WH-1000XM2 WH1000XM2 Headphones-pri ority Ship -BLACK-","Brand New","313.49","299.99","13.5"
"[]","NEW SONY MDR-1000X BLUETOOTH WIRELESS OVER-EAR NOISE CANCELLING HEADPHONES BLACK","Brand New","289.85","289.85","0.0"
"['Oct-13 18:15']","Sony WH1000XM2 Premium Noise Cancelling Wireless Headphones ‚Äì Black","Brand New","295.0","295.0","0.0"
"['Oct-12 14:40']","Sony Wireless Noise Canceling Stereo Headphones WH-1000XM2","New (Other)","301.0","301.0","0.0"
"['Oct-11 16:40']","SEALED Sony WH-1000XM2 Wireless Over-the-Ear Hi-Res Noise Canceling Headphones","Pre-Owned","281.95","266.0","15.95"
